campo,generated_at,reference_date,date_forecast,horizon_days,days_in_future,mean_ndvi_forecast,ndvi_lower_90,ndvi_upper_90,conformal_margin,confidence,model_type,source
pascolo_1,2026-09-27T13:04:25.018089+02:00,2026-09-23,2026-09-24,1,-3,0.7078,0.6002,0.8154,0.1076,high,persistence,forecast-v1.1-hybrid
pascolo_1,2026-09-27T13:04:25.032754+02:00,2026-09-23,2026-09-26,3,-1,0.6896,0.5794,0.7998,0.1102,medium,xgboost_v11,forecast-v1.1-hybrid
pascolo_1,2026-09-27T13:04:25.047873+02:00,2026-09-23,2026-09-30,7,3,0.6763,0.5379,0.8147,0.1384,medium,xgboost_v11,forecast-v1.1-hybrid
pascolo_1,2026-09-27T13:04:25.063673+02:00,2026-09-23,2026-10-07,14,10,0.7407,0.5963,0.8851,0.1444,medium,xgboost_v11,forecast-v1.1-hybrid
pascolo_2,2026-09-27T13:04:25.191118+02:00,2026-09-23,2026-09-24,1,-3,0.6462,0.5386,0.7538,0.1076,high,persistence,forecast-v1.1-hybrid
pascolo_2,2026-09-27T13:04:25.202557+02:00,2026-09-23,2026-09-26,3,-1,0.6432,0.533,0.7534,0.1102,medium,xgboost_v11,forecast-v1.1-hybrid
pascolo_2,2026-09-27T13:04:25.216909+02:00,2026-09-23,2026-09-30,7,3,0.6756,0.5372,0.814,0.1384,medium,xgboost_v11,forecast-v1.1-hybrid
pascolo_2,2026-09-27T13:04:25.231109+02:00,2026-09-23,2026-10-07,14,10,0.7047,0.5604,0.8491,0.1444,medium,xgboost_v11,forecast-v1.1-hybrid
pascolo_3,2026-09-27T13:04:25.359273+02:00,2026-09-23,2026-09-24,1,-3,0.6563,0.5487,0.7639,0.1076,high,persistence,forecast-v1.1-hybrid
pascolo_3,2026-09-27T13:04:25.372355+02:00,2026-09-23,2026-09-26,3,-1,0.613,0.5028,0.7232,0.1102,medium,xgboost_v11,forecast-v1.1-hybrid
pascolo_3,2026-09-27T13:04:25.387370+02:00,2026-09-23,2026-09-30,7,3,0.6308,0.4924,0.7692,0.1384,medium,xgboost_v11,forecast-v1.1-hybrid
pascolo_3,2026-09-27T13:04:25.402369+02:00,2026-09-23,2026-10-07,14,10,0.63,0.4856,0.7744,0.1444,medium,xgboost_v11,forecast-v1.1-hybrid
pascolo_4,2026-09-27T13:04:25.532219+02:00,2026-09-23,2026-09-24,1,-3,0.5539,0.4463,0.6615,0.1076,low,persistence,forecast-v1.1-hybrid
pascolo_4,2026-09-27T13:04:25.543910+02:00,2026-09-23,2026-09-26,3,-1,0.5822,0.472,0.6924,0.1102,low,xgboost_v11,forecast-v1.1-hybrid
pascolo_4,2026-09-27T13:04:25.558207+02:00,2026-09-23,2026-09-30,7,3,0.5914,0.453,0.7298,0.1384,low,xgboost_v11,forecast-v1.1-hybrid
pascolo_4,2026-09-27T13:04:25.572893+02:00,2026-09-23,2026-10-07,14,10,0.5847,0.4403,0.7291,0.1444,low,xgboost_v11,forecast-v1.1-hybrid
pascolo_5,2026-09-27T13:04:25.706055+02:00,2026-09-23,2026-09-24,1,-3,0.6297,0.5221,0.7373,0.1076,high,persistence,forecast-v1.1-hybrid
pascolo_5,2026-09-27T13:04:25.717859+02:00,2026-09-23,2026-09-26,3,-1,0.6118,0.5016,0.722,0.1102,medium,xgboost_v11,forecast-v1.1-hybrid
pascolo_5,2026-09-27T13:04:25.731977+02:00,2026-09-23,2026-09-30,7,3,0.6423,0.5039,0.7807,0.1384,medium,xgboost_v11,forecast-v1.1-hybrid
pascolo_5,2026-09-27T13:04:25.746048+02:00,2026-09-23,2026-10-07,14,10,0.6693,0.5249,0.8137,0.1444,medium,xgboost_v11,forecast-v1.1-hybrid
pascolo_6,2026-09-27T13:04:25.874661+02:00,2026-09-23,2026-09-24,1,-3,0.7252,0.6176,0.8328,0.1076,high,persistence,forecast-v1.1-hybrid
pascolo_6,2026-09-27T13:04:25.886585+02:00,2026-09-23,2026-09-26,3,-1,0.7212,0.6111,0.8314,0.1102,medium,xgboost_v11,forecast-v1.1-hybrid
pascolo_6,2026-09-27T13:04:25.900881+02:00,2026-09-23,2026-09-30,7,3,0.7116,0.5732,0.85,0.1384,medium,xgboost_v11,forecast-v1.1-hybrid
pascolo_6,2026-09-27T13:04:25.915030+02:00,2026-09-23,2026-10-07,14,10,0.706,0.5616,0.8504,0.1444,medium,xgboost_v11,forecast-v1.1-hybrid
bianchi_campo,2026-09-27T13:04:26.047187+02:00,2026-09-23,2026-09-24,1,-3,0.7025,0.5949,0.8101,0.1076,high,persistence,forecast-v1.1-hybrid
bianchi_campo,2026-09-27T13:04:26.059988+02:00,2026-09-23,2026-09-26,3,-1,0.7253,0.6151,0.8355,0.1102,medium,xgboost_v11,forecast-v1.1-hybrid
bianchi_campo,2026-09-27T13:04:26.074821+02:00,2026-09-23,2026-09-30,7,3,0.7169,0.5785,0.8553,0.1384,medium,xgboost_v11,forecast-v1.1-hybrid
bianchi_campo,2026-09-27T13:04:26.089775+02:00,2026-09-23,2026-10-07,14,10,0.7674,0.623,0.9118,0.1444,medium,xgboost_v11,forecast-v1.1-hybrid
rossi_campo,2026-09-27T13:04:26.220134+02:00,2026-09-23,2026-09-24,1,-3,0.597,0.4894,0.7046,0.1076,high,persistence,forecast-v1.1-hybrid
rossi_campo,2026-09-27T13:04:26.231994+02:00,2026-09-23,2026-09-26,3,-1,0.5844,0.4742,0.6946,0.1102,medium,xgboost_v11,forecast-v1.1-hybrid
rossi_campo,2026-09-27T13:04:26.246075+02:00,2026-09-23,2026-09-30,7,3,0.5566,0.4182,0.695,0.1384,medium,xgboost_v11,forecast-v1.1-hybrid
rossi_campo,2026-09-27T13:04:26.260340+02:00,2026-09-23,2026-10-07,14,10,0.5738,0.4294,0.7181,0.1444,medium,xgboost_v11,forecast-v1.1-hybrid
